query,query_type
赣州 粤菜,城市+品类
赣州 广式早茶,城市+品类
赣州 早茶,城市+品类
赣州 港式茶餐厅,城市+品类
赣州 茶餐厅,城市+品类
赣州 烧腊,城市+品类
赣州 烧鹅,城市+品类
赣州 叉烧,城市+品类
赣州 肠粉,城市+品类
赣州 虾饺,城市+品类
赣州 点心,城市+品类
赣州 茶楼,城市+品类
赣州 顺德菜,城市+品类
赣州 啫啫煲,城市+品类
赣州 煲仔饭,城市+品类
赣州市区 粤菜,城市+品类
赣州市区 广式早茶,城市+品类
赣州市区 早茶,城市+品类
赣州市区 港式茶餐厅,城市+品类
赣州市区 茶餐厅,城市+品类
赣州市区 烧腊,城市+品类
赣州市区 烧鹅,城市+品类
赣州市区 叉烧,城市+品类
赣州市区 肠粉,城市+品类
赣州市区 虾饺,城市+品类
赣州市区 点心,城市+品类
赣州市区 茶楼,城市+品类
赣州市区 顺德菜,城市+品类
赣州市区 啫啫煲,城市+品类
赣州市区 煲仔饭,城市+品类
章贡区 粤菜,城市+品类
章贡区 广式早茶,城市+品类
章贡区 早茶,城市+品类
章贡区 港式茶餐厅,城市+品类
章贡区 茶餐厅,城市+品类
章贡区 烧腊,城市+品类
章贡区 烧鹅,城市+品类
章贡区 叉烧,城市+品类
章贡区 肠粉,城市+品类
章贡区 虾饺,城市+品类
章贡区 点心,城市+品类
章贡区 茶楼,城市+品类
章贡区 顺德菜,城市+品类
章贡区 啫啫煲,城市+品类
章贡区 煲仔饭,城市+品类
赣州万象城 粤菜,城市+品类
赣州万象城 广式早茶,城市+品类
赣州万象城 早茶,城市+品类
赣州万象城 港式茶餐厅,城市+品类
赣州万象城 茶餐厅,城市+品类
赣州万象城 烧腊,城市+品类
赣州万象城 烧鹅,城市+品类
赣州万象城 叉烧,城市+品类
赣州万象城 肠粉,城市+品类
赣州万象城 虾饺,城市+品类
赣州万象城 点心,城市+品类
赣州万象城 茶楼,城市+品类
赣州万象城 顺德菜,城市+品类
赣州万象城 啫啫煲,城市+品类
赣州万象城 煲仔饭,城市+品类
赣州九方 粤菜,城市+品类
赣州九方 广式早茶,城市+品类
赣州九方 早茶,城市+品类
赣州九方 港式茶餐厅,城市+品类
赣州九方 茶餐厅,城市+品类
赣州九方 烧腊,城市+品类
赣州九方 烧鹅,城市+品类
赣州九方 叉烧,城市+品类
赣州九方 肠粉,城市+品类
赣州九方 虾饺,城市+品类
赣州九方 点心,城市+品类
赣州九方 茶楼,城市+品类
赣州九方 顺德菜,城市+品类
赣州九方 啫啫煲,城市+品类
赣州九方 煲仔饭,城市+品类
赣州君尚 粤菜,城市+品类
赣州君尚 广式早茶,城市+品类
赣州君尚 早茶,城市+品类
赣州君尚 港式茶餐厅,城市+品类
赣州君尚 茶餐厅,城市+品类
赣州君尚 烧腊,城市+品类
赣州君尚 烧鹅,城市+品类
赣州君尚 叉烧,城市+品类
赣州君尚 肠粉,城市+品类
赣州君尚 虾饺,城市+品类
赣州君尚 点心,城市+品类
赣州君尚 茶楼,城市+品类
赣州君尚 顺德菜,城市+品类
赣州君尚 啫啫煲,城市+品类
赣州君尚 煲仔饭,城市+品类
赣州步步高新天地 粤菜,城市+品类
赣州步步高新天地 广式早茶,城市+品类
赣州步步高新天地 早茶,城市+品类
赣州步步高新天地 港式茶餐厅,城市+品类
赣州步步高新天地 茶餐厅,城市+品类
赣州步步高新天地 烧腊,城市+品类
赣州步步高新天地 烧鹅,城市+品类
赣州步步高新天地 叉烧,城市+品类
赣州步步高新天地 肠粉,城市+品类
赣州步步高新天地 虾饺,城市+品类
赣州步步高新天地 点心,城市+品类
赣州步步高新天地 茶楼,城市+品类
赣州步步高新天地 顺德菜,城市+品类
赣州步步高新天地 啫啫煲,城市+品类
赣州步步高新天地 煲仔饭,城市+品类
赣州万达 粤菜,城市+品类
赣州万达 广式早茶,城市+品类
赣州万达 早茶,城市+品类
赣州万达 港式茶餐厅,城市+品类
赣州万达 茶餐厅,城市+品类
赣州万达 烧腊,城市+品类
赣州万达 烧鹅,城市+品类
赣州万达 叉烧,城市+品类
赣州万达 肠粉,城市+品类
赣州万达 虾饺,城市+品类
赣州万达 点心,城市+品类
赣州万达 茶楼,城市+品类
赣州万达 顺德菜,城市+品类
赣州万达 啫啫煲,城市+品类
赣州万达 煲仔饭,城市+品类
赣州 粤菜 大众点评,城市+品类+平台
赣州 粤菜 美团,城市+品类+平台
赣州 粤菜 小红书,城市+品类+平台
赣州 粤菜 抖音,城市+品类+平台
赣州 粤菜 高德地图,城市+品类+平台
赣州 粤菜 百度地图,城市+品类+平台
赣州 粤菜 携程,城市+品类+平台
赣州 粤菜 TripAdvisor,城市+品类+平台
赣州 粤菜 公众号,城市+品类+平台
赣州 广式早茶 大众点评,城市+品类+平台
赣州 广式早茶 美团,城市+品类+平台
赣州 广式早茶 小红书,城市+品类+平台
赣州 广式早茶 抖音,城市+品类+平台
赣州 广式早茶 高德地图,城市+品类+平台
赣州 广式早茶 百度地图,城市+品类+平台
赣州 广式早茶 携程,城市+品类+平台
赣州 广式早茶 TripAdvisor,城市+品类+平台
赣州 广式早茶 公众号,城市+品类+平台
赣州 早茶 大众点评,城市+品类+平台
赣州 早茶 美团,城市+品类+平台
赣州 早茶 小红书,城市+品类+平台
赣州 早茶 抖音,城市+品类+平台
赣州 早茶 高德地图,城市+品类+平台
赣州 早茶 百度地图,城市+品类+平台
赣州 早茶 携程,城市+品类+平台
赣州 早茶 TripAdvisor,城市+品类+平台
赣州 早茶 公众号,城市+品类+平台
赣州 港式茶餐厅 大众点评,城市+品类+平台
赣州 港式茶餐厅 美团,城市+品类+平台
赣州 港式茶餐厅 小红书,城市+品类+平台
赣州 港式茶餐厅 抖音,城市+品类+平台
赣州 港式茶餐厅 高德地图,城市+品类+平台
赣州 港式茶餐厅 百度地图,城市+品类+平台
赣州 港式茶餐厅 携程,城市+品类+平台
赣州 港式茶餐厅 TripAdvisor,城市+品类+平台
赣州 港式茶餐厅 公众号,城市+品类+平台
赣州 茶餐厅 大众点评,城市+品类+平台
赣州 茶餐厅 美团,城市+品类+平台
赣州 茶餐厅 小红书,城市+品类+平台
赣州 茶餐厅 抖音,城市+品类+平台
赣州 茶餐厅 高德地图,城市+品类+平台
赣州 茶餐厅 百度地图,城市+品类+平台
赣州 茶餐厅 携程,城市+品类+平台
赣州 茶餐厅 TripAdvisor,城市+品类+平台
赣州 茶餐厅 公众号,城市+品类+平台
赣州 烧腊 大众点评,城市+品类+平台
赣州 烧腊 美团,城市+品类+平台
赣州 烧腊 小红书,城市+品类+平台
赣州 烧腊 抖音,城市+品类+平台
赣州 烧腊 高德地图,城市+品类+平台
赣州 烧腊 百度地图,城市+品类+平台
赣州 烧腊 携程,城市+品类+平台
赣州 烧腊 TripAdvisor,城市+品类+平台
赣州 烧腊 公众号,城市+品类+平台
赣州 烧鹅 大众点评,城市+品类+平台
赣州 烧鹅 美团,城市+品类+平台
赣州 烧鹅 小红书,城市+品类+平台
赣州 烧鹅 抖音,城市+品类+平台
赣州 烧鹅 高德地图,城市+品类+平台
赣州 烧鹅 百度地图,城市+品类+平台
赣州 烧鹅 携程,城市+品类+平台
赣州 烧鹅 TripAdvisor,城市+品类+平台
赣州 烧鹅 公众号,城市+品类+平台
赣州 叉烧 大众点评,城市+品类+平台
赣州 叉烧 美团,城市+品类+平台
赣州 叉烧 小红书,城市+品类+平台
赣州 叉烧 抖音,城市+品类+平台
赣州 叉烧 高德地图,城市+品类+平台
赣州 叉烧 百度地图,城市+品类+平台
赣州 叉烧 携程,城市+品类+平台
赣州 叉烧 TripAdvisor,城市+品类+平台
赣州 叉烧 公众号,城市+品类+平台
赣州市区 粤菜 大众点评,城市+品类+平台
赣州市区 粤菜 美团,城市+品类+平台
赣州市区 粤菜 小红书,城市+品类+平台
赣州市区 粤菜 抖音,城市+品类+平台
赣州市区 粤菜 高德地图,城市+品类+平台
赣州市区 粤菜 百度地图,城市+品类+平台
赣州市区 粤菜 携程,城市+品类+平台
赣州市区 粤菜 TripAdvisor,城市+品类+平台
赣州市区 粤菜 公众号,城市+品类+平台
赣州市区 广式早茶 大众点评,城市+品类+平台
赣州市区 广式早茶 美团,城市+品类+平台
赣州市区 广式早茶 小红书,城市+品类+平台
赣州市区 广式早茶 抖音,城市+品类+平台
赣州市区 广式早茶 高德地图,城市+品类+平台
赣州市区 广式早茶 百度地图,城市+品类+平台
赣州市区 广式早茶 携程,城市+品类+平台
赣州市区 广式早茶 TripAdvisor,城市+品类+平台
赣州市区 广式早茶 公众号,城市+品类+平台
赣州市区 早茶 大众点评,城市+品类+平台
赣州市区 早茶 美团,城市+品类+平台
赣州市区 早茶 小红书,城市+品类+平台
赣州市区 早茶 抖音,城市+品类+平台
赣州市区 早茶 高德地图,城市+品类+平台
赣州市区 早茶 百度地图,城市+品类+平台
赣州市区 早茶 携程,城市+品类+平台
赣州市区 早茶 TripAdvisor,城市+品类+平台
赣州市区 早茶 公众号,城市+品类+平台
赣州市区 港式茶餐厅 大众点评,城市+品类+平台
赣州市区 港式茶餐厅 美团,城市+品类+平台
赣州市区 港式茶餐厅 小红书,城市+品类+平台
赣州市区 港式茶餐厅 抖音,城市+品类+平台
赣州市区 港式茶餐厅 高德地图,城市+品类+平台
赣州市区 港式茶餐厅 百度地图,城市+品类+平台
赣州市区 港式茶餐厅 携程,城市+品类+平台
赣州市区 港式茶餐厅 TripAdvisor,城市+品类+平台
赣州市区 港式茶餐厅 公众号,城市+品类+平台
赣州市区 茶餐厅 大众点评,城市+品类+平台
赣州市区 茶餐厅 美团,城市+品类+平台
赣州市区 茶餐厅 小红书,城市+品类+平台
赣州市区 茶餐厅 抖音,城市+品类+平台
赣州市区 茶餐厅 高德地图,城市+品类+平台
赣州市区 茶餐厅 百度地图,城市+品类+平台
赣州市区 茶餐厅 携程,城市+品类+平台
赣州市区 茶餐厅 TripAdvisor,城市+品类+平台
赣州市区 茶餐厅 公众号,城市+品类+平台
赣州市区 烧腊 大众点评,城市+品类+平台
赣州市区 烧腊 美团,城市+品类+平台
赣州市区 烧腊 小红书,城市+品类+平台
赣州市区 烧腊 抖音,城市+品类+平台
赣州市区 烧腊 高德地图,城市+品类+平台
赣州市区 烧腊 百度地图,城市+品类+平台
赣州市区 烧腊 携程,城市+品类+平台
赣州市区 烧腊 TripAdvisor,城市+品类+平台
赣州市区 烧腊 公众号,城市+品类+平台
赣州市区 烧鹅 大众点评,城市+品类+平台
赣州市区 烧鹅 美团,城市+品类+平台
赣州市区 烧鹅 小红书,城市+品类+平台
赣州市区 烧鹅 抖音,城市+品类+平台
赣州市区 烧鹅 高德地图,城市+品类+平台
赣州市区 烧鹅 百度地图,城市+品类+平台
赣州市区 烧鹅 携程,城市+品类+平台
赣州市区 烧鹅 TripAdvisor,城市+品类+平台
赣州市区 烧鹅 公众号,城市+品类+平台
赣州市区 叉烧 大众点评,城市+品类+平台
赣州市区 叉烧 美团,城市+品类+平台
赣州市区 叉烧 小红书,城市+品类+平台
赣州市区 叉烧 抖音,城市+品类+平台
赣州市区 叉烧 高德地图,城市+品类+平台
赣州市区 叉烧 百度地图,城市+品类+平台
赣州市区 叉烧 携程,城市+品类+平台
赣州市区 叉烧 TripAdvisor,城市+品类+平台
赣州市区 叉烧 公众号,城市+品类+平台
章贡区 粤菜 大众点评,城市+品类+平台
章贡区 粤菜 美团,城市+品类+平台
章贡区 粤菜 小红书,城市+品类+平台
章贡区 粤菜 抖音,城市+品类+平台
章贡区 粤菜 高德地图,城市+品类+平台
章贡区 粤菜 百度地图,城市+品类+平台
章贡区 粤菜 携程,城市+品类+平台
章贡区 粤菜 TripAdvisor,城市+品类+平台
章贡区 粤菜 公众号,城市+品类+平台
章贡区 广式早茶 大众点评,城市+品类+平台
章贡区 广式早茶 美团,城市+品类+平台
章贡区 广式早茶 小红书,城市+品类+平台
章贡区 广式早茶 抖音,城市+品类+平台
章贡区 广式早茶 高德地图,城市+品类+平台
章贡区 广式早茶 百度地图,城市+品类+平台
章贡区 广式早茶 携程,城市+品类+平台
章贡区 广式早茶 TripAdvisor,城市+品类+平台
章贡区 广式早茶 公众号,城市+品类+平台
章贡区 早茶 大众点评,城市+品类+平台
章贡区 早茶 美团,城市+品类+平台
章贡区 早茶 小红书,城市+品类+平台
章贡区 早茶 抖音,城市+品类+平台
章贡区 早茶 高德地图,城市+品类+平台
章贡区 早茶 百度地图,城市+品类+平台
章贡区 早茶 携程,城市+品类+平台
章贡区 早茶 TripAdvisor,城市+品类+平台
章贡区 早茶 公众号,城市+品类+平台
章贡区 港式茶餐厅 大众点评,城市+品类+平台
章贡区 港式茶餐厅 美团,城市+品类+平台
章贡区 港式茶餐厅 小红书,城市+品类+平台
章贡区 港式茶餐厅 抖音,城市+品类+平台
章贡区 港式茶餐厅 高德地图,城市+品类+平台
章贡区 港式茶餐厅 百度地图,城市+品类+平台
章贡区 港式茶餐厅 携程,城市+品类+平台
章贡区 港式茶餐厅 TripAdvisor,城市+品类+平台
章贡区 港式茶餐厅 公众号,城市+品类+平台
章贡区 茶餐厅 大众点评,城市+品类+平台
章贡区 茶餐厅 美团,城市+品类+平台
章贡区 茶餐厅 小红书,城市+品类+平台
章贡区 茶餐厅 抖音,城市+品类+平台
章贡区 茶餐厅 高德地图,城市+品类+平台
章贡区 茶餐厅 百度地图,城市+品类+平台
章贡区 茶餐厅 携程,城市+品类+平台
章贡区 茶餐厅 TripAdvisor,城市+品类+平台
章贡区 茶餐厅 公众号,城市+品类+平台
章贡区 烧腊 大众点评,城市+品类+平台
章贡区 烧腊 美团,城市+品类+平台
章贡区 烧腊 小红书,城市+品类+平台
章贡区 烧腊 抖音,城市+品类+平台
章贡区 烧腊 高德地图,城市+品类+平台
章贡区 烧腊 百度地图,城市+品类+平台
章贡区 烧腊 携程,城市+品类+平台
章贡区 烧腊 TripAdvisor,城市+品类+平台
章贡区 烧腊 公众号,城市+品类+平台
章贡区 烧鹅 大众点评,城市+品类+平台
章贡区 烧鹅 美团,城市+品类+平台
章贡区 烧鹅 小红书,城市+品类+平台
章贡区 烧鹅 抖音,城市+品类+平台
章贡区 烧鹅 高德地图,城市+品类+平台
章贡区 烧鹅 百度地图,城市+品类+平台
章贡区 烧鹅 携程,城市+品类+平台
章贡区 烧鹅 TripAdvisor,城市+品类+平台
章贡区 烧鹅 公众号,城市+品类+平台
章贡区 叉烧 大众点评,城市+品类+平台
章贡区 叉烧 美团,城市+品类+平台
章贡区 叉烧 小红书,城市+品类+平台
章贡区 叉烧 抖音,城市+品类+平台
章贡区 叉烧 高德地图,城市+品类+平台
章贡区 叉烧 百度地图,城市+品类+平台
章贡区 叉烧 携程,城市+品类+平台
章贡区 叉烧 TripAdvisor,城市+品类+平台
章贡区 叉烧 公众号,城市+品类+平台
赣州万象城 粤菜 大众点评,城市+品类+平台
赣州万象城 粤菜 美团,城市+品类+平台
赣州万象城 粤菜 小红书,城市+品类+平台
赣州万象城 粤菜 抖音,城市+品类+平台
赣州万象城 粤菜 高德地图,城市+品类+平台
赣州万象城 粤菜 百度地图,城市+品类+平台
赣州万象城 粤菜 携程,城市+品类+平台
赣州万象城 粤菜 TripAdvisor,城市+品类+平台
赣州万象城 粤菜 公众号,城市+品类+平台
赣州万象城 广式早茶 大众点评,城市+品类+平台
赣州万象城 广式早茶 美团,城市+品类+平台
赣州万象城 广式早茶 小红书,城市+品类+平台
赣州万象城 广式早茶 抖音,城市+品类+平台
赣州万象城 广式早茶 高德地图,城市+品类+平台
赣州万象城 广式早茶 百度地图,城市+品类+平台
赣州万象城 广式早茶 携程,城市+品类+平台
赣州万象城 广式早茶 TripAdvisor,城市+品类+平台
赣州万象城 广式早茶 公众号,城市+品类+平台
赣州万象城 早茶 大众点评,城市+品类+平台
赣州万象城 早茶 美团,城市+品类+平台
赣州万象城 早茶 小红书,城市+品类+平台
赣州万象城 早茶 抖音,城市+品类+平台
赣州万象城 早茶 高德地图,城市+品类+平台
赣州万象城 早茶 百度地图,城市+品类+平台
赣州万象城 早茶 携程,城市+品类+平台
赣州万象城 早茶 TripAdvisor,城市+品类+平台
赣州万象城 早茶 公众号,城市+品类+平台
赣州万象城 港式茶餐厅 大众点评,城市+品类+平台
赣州万象城 港式茶餐厅 美团,城市+品类+平台
赣州万象城 港式茶餐厅 小红书,城市+品类+平台
赣州万象城 港式茶餐厅 抖音,城市+品类+平台
赣州万象城 港式茶餐厅 高德地图,城市+品类+平台
赣州万象城 港式茶餐厅 百度地图,城市+品类+平台
赣州万象城 港式茶餐厅 携程,城市+品类+平台
赣州万象城 港式茶餐厅 TripAdvisor,城市+品类+平台
赣州万象城 港式茶餐厅 公众号,城市+品类+平台
赣州万象城 茶餐厅 大众点评,城市+品类+平台
赣州万象城 茶餐厅 美团,城市+品类+平台
赣州万象城 茶餐厅 小红书,城市+品类+平台
赣州万象城 茶餐厅 抖音,城市+品类+平台
赣州万象城 茶餐厅 高德地图,城市+品类+平台
赣州万象城 茶餐厅 百度地图,城市+品类+平台
赣州万象城 茶餐厅 携程,城市+品类+平台
赣州万象城 茶餐厅 TripAdvisor,城市+品类+平台
赣州万象城 茶餐厅 公众号,城市+品类+平台
赣州万象城 烧腊 大众点评,城市+品类+平台
赣州万象城 烧腊 美团,城市+品类+平台
赣州万象城 烧腊 小红书,城市+品类+平台
赣州万象城 烧腊 抖音,城市+品类+平台
赣州万象城 烧腊 高德地图,城市+品类+平台
赣州万象城 烧腊 百度地图,城市+品类+平台
赣州万象城 烧腊 携程,城市+品类+平台
赣州万象城 烧腊 TripAdvisor,城市+品类+平台
赣州万象城 烧腊 公众号,城市+品类+平台
赣州万象城 烧鹅 大众点评,城市+品类+平台
赣州万象城 烧鹅 美团,城市+品类+平台
赣州万象城 烧鹅 小红书,城市+品类+平台
赣州万象城 烧鹅 抖音,城市+品类+平台
赣州万象城 烧鹅 高德地图,城市+品类+平台
赣州万象城 烧鹅 百度地图,城市+品类+平台
赣州万象城 烧鹅 携程,城市+品类+平台
赣州万象城 烧鹅 TripAdvisor,城市+品类+平台
赣州万象城 烧鹅 公众号,城市+品类+平台
赣州万象城 叉烧 大众点评,城市+品类+平台
赣州万象城 叉烧 美团,城市+品类+平台
赣州万象城 叉烧 小红书,城市+品类+平台
赣州万象城 叉烧 抖音,城市+品类+平台
赣州万象城 叉烧 高德地图,城市+品类+平台
赣州万象城 叉烧 百度地图,城市+品类+平台
赣州万象城 叉烧 携程,城市+品类+平台
赣州万象城 叉烧 TripAdvisor,城市+品类+平台
赣州万象城 叉烧 公众号,城市+品类+平台
赣州 粤菜 推荐,城市+品类+意图
赣州 粤菜 探店,城市+品类+意图
赣州 粤菜 评价,城市+品类+意图
赣州 粤菜 人均,城市+品类+意图
赣州 粤菜 排队,城市+品类+意图
赣州 粤菜 适合家庭,城市+品类+意图
赣州 粤菜 周末,城市+品类+意图
赣州 粤菜 新店,城市+品类+意图
赣州 广式早茶 推荐,城市+品类+意图
赣州 广式早茶 探店,城市+品类+意图
赣州 广式早茶 评价,城市+品类+意图
赣州 广式早茶 人均,城市+品类+意图
赣州 广式早茶 排队,城市+品类+意图
赣州 广式早茶 适合家庭,城市+品类+意图
赣州 广式早茶 周末,城市+品类+意图
赣州 广式早茶 新店,城市+品类+意图
赣州 早茶 推荐,城市+品类+意图
赣州 早茶 探店,城市+品类+意图
赣州 早茶 评价,城市+品类+意图
赣州 早茶 人均,城市+品类+意图
赣州 早茶 排队,城市+品类+意图
赣州 早茶 适合家庭,城市+品类+意图
赣州 早茶 周末,城市+品类+意图
赣州 早茶 新店,城市+品类+意图
赣州 港式茶餐厅 推荐,城市+品类+意图
赣州 港式茶餐厅 探店,城市+品类+意图
赣州 港式茶餐厅 评价,城市+品类+意图
赣州 港式茶餐厅 人均,城市+品类+意图
赣州 港式茶餐厅 排队,城市+品类+意图
赣州 港式茶餐厅 适合家庭,城市+品类+意图
赣州 港式茶餐厅 周末,城市+品类+意图
赣州 港式茶餐厅 新店,城市+品类+意图
赣州 茶餐厅 推荐,城市+品类+意图
赣州 茶餐厅 探店,城市+品类+意图
赣州 茶餐厅 评价,城市+品类+意图
赣州 茶餐厅 人均,城市+品类+意图
赣州 茶餐厅 排队,城市+品类+意图
赣州 茶餐厅 适合家庭,城市+品类+意图
赣州 茶餐厅 周末,城市+品类+意图
赣州 茶餐厅 新店,城市+品类+意图
赣州 烧腊 推荐,城市+品类+意图
赣州 烧腊 探店,城市+品类+意图
赣州 烧腊 评价,城市+品类+意图
赣州 烧腊 人均,城市+品类+意图
赣州 烧腊 排队,城市+品类+意图
赣州 烧腊 适合家庭,城市+品类+意图
赣州 烧腊 周末,城市+品类+意图
赣州 烧腊 新店,城市+品类+意图
赣州 烧鹅 推荐,城市+品类+意图
赣州 烧鹅 探店,城市+品类+意图
赣州 烧鹅 评价,城市+品类+意图
赣州 烧鹅 人均,城市+品类+意图
赣州 烧鹅 排队,城市+品类+意图
赣州 烧鹅 适合家庭,城市+品类+意图
赣州 烧鹅 周末,城市+品类+意图
赣州 烧鹅 新店,城市+品类+意图
赣州 叉烧 推荐,城市+品类+意图
赣州 叉烧 探店,城市+品类+意图
赣州 叉烧 评价,城市+品类+意图
赣州 叉烧 人均,城市+品类+意图
赣州 叉烧 排队,城市+品类+意图
赣州 叉烧 适合家庭,城市+品类+意图
赣州 叉烧 周末,城市+品类+意图
赣州 叉烧 新店,城市+品类+意图
赣州市区 粤菜 推荐,城市+品类+意图
赣州市区 粤菜 探店,城市+品类+意图
赣州市区 粤菜 评价,城市+品类+意图
赣州市区 粤菜 人均,城市+品类+意图
赣州市区 粤菜 排队,城市+品类+意图
赣州市区 粤菜 适合家庭,城市+品类+意图
赣州市区 粤菜 周末,城市+品类+意图
赣州市区 粤菜 新店,城市+品类+意图
赣州市区 广式早茶 推荐,城市+品类+意图
赣州市区 广式早茶 探店,城市+品类+意图
赣州市区 广式早茶 评价,城市+品类+意图
赣州市区 广式早茶 人均,城市+品类+意图
赣州市区 广式早茶 排队,城市+品类+意图
赣州市区 广式早茶 适合家庭,城市+品类+意图
赣州市区 广式早茶 周末,城市+品类+意图
赣州市区 广式早茶 新店,城市+品类+意图
赣州市区 早茶 推荐,城市+品类+意图
赣州市区 早茶 探店,城市+品类+意图
赣州市区 早茶 评价,城市+品类+意图
赣州市区 早茶 人均,城市+品类+意图
赣州市区 早茶 排队,城市+品类+意图
赣州市区 早茶 适合家庭,城市+品类+意图
赣州市区 早茶 周末,城市+品类+意图
赣州市区 早茶 新店,城市+品类+意图
赣州市区 港式茶餐厅 推荐,城市+品类+意图
赣州市区 港式茶餐厅 探店,城市+品类+意图
赣州市区 港式茶餐厅 评价,城市+品类+意图
赣州市区 港式茶餐厅 人均,城市+品类+意图
赣州市区 港式茶餐厅 排队,城市+品类+意图
赣州市区 港式茶餐厅 适合家庭,城市+品类+意图
赣州市区 港式茶餐厅 周末,城市+品类+意图
赣州市区 港式茶餐厅 新店,城市+品类+意图
赣州市区 茶餐厅 推荐,城市+品类+意图
赣州市区 茶餐厅 探店,城市+品类+意图
赣州市区 茶餐厅 评价,城市+品类+意图
赣州市区 茶餐厅 人均,城市+品类+意图
赣州市区 茶餐厅 排队,城市+品类+意图
赣州市区 茶餐厅 适合家庭,城市+品类+意图
赣州市区 茶餐厅 周末,城市+品类+意图
赣州市区 茶餐厅 新店,城市+品类+意图
赣州市区 烧腊 推荐,城市+品类+意图
赣州市区 烧腊 探店,城市+品类+意图
赣州市区 烧腊 评价,城市+品类+意图
赣州市区 烧腊 人均,城市+品类+意图
赣州市区 烧腊 排队,城市+品类+意图
赣州市区 烧腊 适合家庭,城市+品类+意图
赣州市区 烧腊 周末,城市+品类+意图
赣州市区 烧腊 新店,城市+品类+意图
赣州市区 烧鹅 推荐,城市+品类+意图
赣州市区 烧鹅 探店,城市+品类+意图
赣州市区 烧鹅 评价,城市+品类+意图
赣州市区 烧鹅 人均,城市+品类+意图
赣州市区 烧鹅 排队,城市+品类+意图
赣州市区 烧鹅 适合家庭,城市+品类+意图
赣州市区 烧鹅 周末,城市+品类+意图
赣州市区 烧鹅 新店,城市+品类+意图
赣州市区 叉烧 推荐,城市+品类+意图
赣州市区 叉烧 探店,城市+品类+意图
赣州市区 叉烧 评价,城市+品类+意图
赣州市区 叉烧 人均,城市+品类+意图
赣州市区 叉烧 排队,城市+品类+意图
赣州市区 叉烧 适合家庭,城市+品类+意图
赣州市区 叉烧 周末,城市+品类+意图
赣州市区 叉烧 新店,城市+品类+意图
章贡区 粤菜 推荐,城市+品类+意图
章贡区 粤菜 探店,城市+品类+意图
章贡区 粤菜 评价,城市+品类+意图
章贡区 粤菜 人均,城市+品类+意图
章贡区 粤菜 排队,城市+品类+意图
章贡区 粤菜 适合家庭,城市+品类+意图
章贡区 粤菜 周末,城市+品类+意图
章贡区 粤菜 新店,城市+品类+意图
章贡区 广式早茶 推荐,城市+品类+意图
章贡区 广式早茶 探店,城市+品类+意图
章贡区 广式早茶 评价,城市+品类+意图
章贡区 广式早茶 人均,城市+品类+意图
章贡区 广式早茶 排队,城市+品类+意图
章贡区 广式早茶 适合家庭,城市+品类+意图
章贡区 广式早茶 周末,城市+品类+意图
章贡区 广式早茶 新店,城市+品类+意图
章贡区 早茶 推荐,城市+品类+意图
章贡区 早茶 探店,城市+品类+意图
章贡区 早茶 评价,城市+品类+意图
章贡区 早茶 人均,城市+品类+意图
章贡区 早茶 排队,城市+品类+意图
章贡区 早茶 适合家庭,城市+品类+意图
章贡区 早茶 周末,城市+品类+意图
章贡区 早茶 新店,城市+品类+意图
章贡区 港式茶餐厅 推荐,城市+品类+意图
章贡区 港式茶餐厅 探店,城市+品类+意图
章贡区 港式茶餐厅 评价,城市+品类+意图
章贡区 港式茶餐厅 人均,城市+品类+意图
章贡区 港式茶餐厅 排队,城市+品类+意图
章贡区 港式茶餐厅 适合家庭,城市+品类+意图
章贡区 港式茶餐厅 周末,城市+品类+意图
章贡区 港式茶餐厅 新店,城市+品类+意图
章贡区 茶餐厅 推荐,城市+品类+意图
章贡区 茶餐厅 探店,城市+品类+意图
章贡区 茶餐厅 评价,城市+品类+意图
章贡区 茶餐厅 人均,城市+品类+意图
章贡区 茶餐厅 排队,城市+品类+意图
章贡区 茶餐厅 适合家庭,城市+品类+意图
章贡区 茶餐厅 周末,城市+品类+意图
章贡区 茶餐厅 新店,城市+品类+意图
章贡区 烧腊 推荐,城市+品类+意图
章贡区 烧腊 探店,城市+品类+意图
章贡区 烧腊 评价,城市+品类+意图
章贡区 烧腊 人均,城市+品类+意图
章贡区 烧腊 排队,城市+品类+意图
章贡区 烧腊 适合家庭,城市+品类+意图
章贡区 烧腊 周末,城市+品类+意图
章贡区 烧腊 新店,城市+品类+意图
章贡区 烧鹅 推荐,城市+品类+意图
章贡区 烧鹅 探店,城市+品类+意图
章贡区 烧鹅 评价,城市+品类+意图
章贡区 烧鹅 人均,城市+品类+意图
章贡区 烧鹅 排队,城市+品类+意图
章贡区 烧鹅 适合家庭,城市+品类+意图
章贡区 烧鹅 周末,城市+品类+意图
章贡区 烧鹅 新店,城市+品类+意图
章贡区 叉烧 推荐,城市+品类+意图
章贡区 叉烧 探店,城市+品类+意图
章贡区 叉烧 评价,城市+品类+意图
章贡区 叉烧 人均,城市+品类+意图
章贡区 叉烧 排队,城市+品类+意图
章贡区 叉烧 适合家庭,城市+品类+意图
章贡区 叉烧 周末,城市+品类+意图
章贡区 叉烧 新店,城市+品类+意图
赣州万象城 粤菜 推荐,城市+品类+意图
赣州万象城 粤菜 探店,城市+品类+意图
赣州万象城 粤菜 评价,城市+品类+意图
赣州万象城 粤菜 人均,城市+品类+意图
赣州万象城 粤菜 排队,城市+品类+意图
赣州万象城 粤菜 适合家庭,城市+品类+意图
赣州万象城 粤菜 周末,城市+品类+意图
赣州万象城 粤菜 新店,城市+品类+意图
赣州万象城 广式早茶 推荐,城市+品类+意图
赣州万象城 广式早茶 探店,城市+品类+意图
赣州万象城 广式早茶 评价,城市+品类+意图
赣州万象城 广式早茶 人均,城市+品类+意图
赣州万象城 广式早茶 排队,城市+品类+意图
赣州万象城 广式早茶 适合家庭,城市+品类+意图
赣州万象城 广式早茶 周末,城市+品类+意图
赣州万象城 广式早茶 新店,城市+品类+意图
赣州万象城 早茶 推荐,城市+品类+意图
赣州万象城 早茶 探店,城市+品类+意图
赣州万象城 早茶 评价,城市+品类+意图
赣州万象城 早茶 人均,城市+品类+意图
赣州万象城 早茶 排队,城市+品类+意图
赣州万象城 早茶 适合家庭,城市+品类+意图
赣州万象城 早茶 周末,城市+品类+意图
赣州万象城 早茶 新店,城市+品类+意图
赣州万象城 港式茶餐厅 推荐,城市+品类+意图
赣州万象城 港式茶餐厅 探店,城市+品类+意图
赣州万象城 港式茶餐厅 评价,城市+品类+意图
赣州万象城 港式茶餐厅 人均,城市+品类+意图
赣州万象城 港式茶餐厅 排队,城市+品类+意图
赣州万象城 港式茶餐厅 适合家庭,城市+品类+意图
赣州万象城 港式茶餐厅 周末,城市+品类+意图
赣州万象城 港式茶餐厅 新店,城市+品类+意图
赣州万象城 茶餐厅 推荐,城市+品类+意图
赣州万象城 茶餐厅 探店,城市+品类+意图
赣州万象城 茶餐厅 评价,城市+品类+意图
赣州万象城 茶餐厅 人均,城市+品类+意图
赣州万象城 茶餐厅 排队,城市+品类+意图
赣州万象城 茶餐厅 适合家庭,城市+品类+意图
赣州万象城 茶餐厅 周末,城市+品类+意图
赣州万象城 茶餐厅 新店,城市+品类+意图
赣州万象城 烧腊 推荐,城市+品类+意图
赣州万象城 烧腊 探店,城市+品类+意图
赣州万象城 烧腊 评价,城市+品类+意图
赣州万象城 烧腊 人均,城市+品类+意图
赣州万象城 烧腊 排队,城市+品类+意图
赣州万象城 烧腊 适合家庭,城市+品类+意图
赣州万象城 烧腊 周末,城市+品类+意图
赣州万象城 烧腊 新店,城市+品类+意图
赣州万象城 烧鹅 推荐,城市+品类+意图
赣州万象城 烧鹅 探店,城市+品类+意图
赣州万象城 烧鹅 评价,城市+品类+意图
赣州万象城 烧鹅 人均,城市+品类+意图
赣州万象城 烧鹅 排队,城市+品类+意图
赣州万象城 烧鹅 适合家庭,城市+品类+意图
赣州万象城 烧鹅 周末,城市+品类+意图
赣州万象城 烧鹅 新店,城市+品类+意图
赣州万象城 叉烧 推荐,城市+品类+意图
赣州万象城 叉烧 探店,城市+品类+意图
赣州万象城 叉烧 评价,城市+品类+意图
赣州万象城 叉烧 人均,城市+品类+意图
赣州万象城 叉烧 排队,城市+品类+意图
赣州万象城 叉烧 适合家庭,城市+品类+意图
赣州万象城 叉烧 周末,城市+品类+意图
赣州万象城 叉烧 新店,城市+品类+意图
陶陶居 赣州,品牌意向/对标
点都德 赣州,品牌意向/对标
赣州 需要陶陶居吗,品牌意向/对标
赣州 需要点都德吗,品牌意向/对标
赣州 广州酒家,品牌意向/对标
赣州 蔡澜点心,品牌意向/对标
赣州 炳胜 粤菜,品牌意向/对标
